email,style,technique,mentor
smehaffey0@creativecommons.org,320,315,yes
dbateman1@hao12@.com,365,346,yes
bbenham2@xrea.com,384,358,yes
mwison@@g.co,384,358,yes
jagostini4@wordpress.org,320,360,yes
kbridgnell5@webnode.com,423,376,no
abotham6@usda.gov,418,378,yes
szeal7@pinterest.com,392,378,yes
ikidby8@who.int,392,378,yes
jciccone9@hatena.ne.jp,399,380,yes
njaeggia@microsoft.com,439,380,yes
sdesporteb@deviantart.com,392,,yes
kgoodbarc@blinklist.com,434,380,no
ktrevethand@ca.gov,468,380,yes
clamswoode@yelp.com,405,380,yes
brisbridgef@constantcontact.com,399,,yes
nsanchizg@nih.gov,405,380,no
plovelessh@unicef.org,392,380,yes
dnoyei@ft.com,405,380,yes
khowlingj@reuters.com,423,382,no
dquinetk@51.la,384,382,no
nmorchl@arizona.edu,444,382,no
estoodleym@liveinternet.ru,434,,yes
sstaresn@shutterfly.com,,382,yes
snettleo@biblegateway.com,405,382,yes
hlennardep@zimbio.com,444,382,yes
ptignerq@dailymotion.com,484,384,yes
troser@ft.com,412,384,no
vturks@hugedomains.com,,384,no
mcoultasst@goo.gl,384,384,no
inajerau@nsw.gov.au,423,384,yes
osandlandv@irs.gov,405,384,yes
llyfieldw@symantec.com,429,384,no
prydeardx@about.com,399,386,no
gthalmanny@gmpg.org,444,386,yes
mantoschz@12@-reg.co.uk,423,,yes
aallsup10@opensource.org,405,386,yes
mollin11@prnewswire.com,412,386,yes
epresser12@globo.com,439,386,yes
scoddrington1@@printfriendly.com,434,386,yes
jyakebovich14@purevolume.com,429,386,yes
dtweede15@marriott.com,439,386,yes
cworstall16@e-recht24.de,405,386,yes
bccomini17@archive.org,434,386,yes
aspinelli18@imdb.com,423,388,yes
ksneath19@instagram.com,439,388,yes
lbellworthy1a@goo.gl,399,388,no
sspong1b@irs.gov,339,,yes
dgotthardsf1c@blogspot.com,392,388,yes
canstee1d@unicef.org,429,388,yes
awarrick1e@who.int,392,388,yes
bsmeath1f@cargocollective.com,405,,yes
jwisedale1g@blinklist.com,439,388,yes
lgoodbur1h@posterous.com,,388,yes
amunden1i@prlog.org,412,388,yes
sblackesland1j@engadget.com,429,388,yes
roxer1k@t-online.de,412,,yes
ldominelli1l@dropbox.com,439,388,no
kdron1m@marketwatch.com,444,390,yes
rdonati1n@ycombinator.com,399,,yes
fmcgahy1o@wikimedia.org,423,390,yes
thuie1p@topsy.com,429,390,no
lsayes1q@w@.org,473,390,yes
bdrummond1r@auda.org.au,434,390,yes
iadshed1s@mtv.com,434,390,yes
efritschel1t@yellowbook.com,405,390,no
rbartzen1u@tamu.edu,434,390,no
ckarim1v@harvard.edu,412,390,yes
ddahlbom1w@umich.edu,418,390,yes
fclemenson1x@wikispaces.com,405,391,no
abuncher1y@alexa.com,,391,yes
sputton1z@ed.gov,444,391,yes
ddeverale20@nifty.com,,391,yes
dpetras21@macromedia.com,429,391,yes
tmenhci22@spotify.com,405,391,yes
esherwen2@@smh.com.au,423,391,no
mmackain24@hostgator.com,399,391,yes
rsandercock25@hatena.ne.jp,,391,yes
hcrawcour26@ocn.ne.jp,444,,no
kmatovic27@prnewswire.com,405,391,yes
sfurmonger28@abc.net.au,459,391,no
scheeld29@cornell.edu,418,391,yes
kfurzey2a@github.com,602,391,yes
alambole2b@51.la,444,391,no
abaggalley2c@google.ca,354,391,yes
nlockett2d@paypal.com,454,,no
pdemaid2e@nih.gov,365,391,yes
yselbie2f@mit.edu,429,,yes
schaperlin2g@foxnews.com,473,,no
skrink2h@columbia.edu,423,393,no
stoleman2i@usa.gov,412,393,yes
smcveighty2j@ft.com,439,393,yes
mcruikshanks2k@japanpost.jp,418,393,yes
mwagge2l@illinois.edu,384,393,yes
bcoomes2m@cdbaby.com,463,393,yes
lbydaway2n@uol.com.br,392,393,yes
dashdown2o@technorati.com,484,393,no
cpeplay2p@woothemes.com,405,,yes
dfaloon2q@google.es,439,393,yes
jbeuscher2r@yellowbook.com,423,393,yes
abenedicte2s@chicagotribune.com,384,393,yes
clamie2t@so-net.ne.jp,,393,no
tderrico2u@mozilla.com,423,,no
tmunt2v@harvard.edu,439,393,yes
bpauly2w@sun.com,423,393,yes
jbuten2x@freewebs.com,434,393,no
rdanzelman2y@bigcartel.com,,393,yes
wbartram2z@e-recht24.de,412,393,yes
jdamrell@0@google.pl,429,393,yes
rraoux@1@bbc.co.uk,434,393,yes
csainz@2@amazon.co.jp,418,393,yes
dvere@@@ibm.com,423,393,yes
cnucci@4@ucsd.edu,429,393,yes
fdabbs@5@nature.com,459,395,yes
fgarrique@6@youtu.be,412,395,yes
gakrigg@7@marketwatch.com,418,395,yes
sheskey@8@ucla.edu,405,,yes
rbaumann@9@amazon.com,444,395,yes
atoy@a@unicef.org,434,395,yes
agreenfield@b@histats.com,434,,yes
amccafferky@c@twitter.com,429,395,yes
cdiruggiero@d@yellowpages.com,463,395,no
mkornousek@e@livejournal.com,399,,yes
viannazzi@f@cbsnews.com,418,395,yes
rvowels@g@cisco.com,444,395,yes
jjezzard@h@zimbio.com,418,395,yes
kmohammad@i@tinypic.com,412,395,yes
dgiacobbinijacob@j@tinyurl.com,429,395,yes
sskeggs@k@unesco.org,449,395,yes
ddellow@l@umich.edu,405,395,yes
cclawe@m@barnesandnoble.com,,,yes
bkingswoode@n@samsung.com,418,395,yes
kucceli@o@seattletimes.com,449,395,yes
vjiroudek@p@cbc.ca,405,395,no
pfishpoole@q@prweb.com,439,395,no
tyurocjkin@r@ow.ly,489,395,yes
mhapke@s@gov.uk,463,397,yes
bhogbin@t@apache.org,418,397,yes
gmarlor@u@ucoz.ru,449,,no
pgarr@v@people.com.cn,444,397,yes
mconklin@w@microsoft.com,434,397,yes
sshingfield@x@sina.com.cn,412,397,yes
iscammonden@y@istockphoto.com,,397,yes
sclericoates@z@ftc.gov,434,397,yes
rfirsby40@arizona.edu,434,,yes
dculy41@samsung.com,439,397,no
rsultana42@ibm.com,429,397,no
lquestier4@@php.net,412,397,yes
rantonomolii44@dailymail.co.uk,449,397,no
ykingsford45@infoseek.co.jp,489,397,yes
jhavercroft46@google.com,429,397,yes
dgumbley47@reddit.com,418,397,no
kburkin48@zdnet.com,429,397,no
tbernetti49@biglobe.ne.jp,500,397,no
abrownsea4a@intel.com,412,397,yes
kbalk4b@biblegateway.com,459,397,no
tzimmerman4c@washington.edu,418,397,yes
bpenritt4d@hubpages.com,423,397,yes
dchristin4e@fema.gov,423,397,yes
ilandall4f@cmu.edu,399,397,no
edines4g@paypal.com,399,397,yes
rwemyss4h@blogspot.com,459,,no
gwroath4i@hibu.com,434,398,yes
mfairholme4j@google.ca,449,398,no
croux4k@wikia.com,463,398,yes
dcurrom4l@indiatimes.com,459,398,yes
gramsden4m@angelfire.com,375,398,no
fkitchingman4n@shop-pro.jp,384,398,yes
darnefield4o@bizjournals.com,418,398,yes
mlabrum4p@indiatimes.com,423,398,yes
tdafforne4q@omniture.com,439,398,yes
aemmines4r@wikimedia.org,444,398,no
aguilbert4s@bing.com,354,398,yes
kaylwin4t@zdnet.com,463,398,yes
mconklin4u@about.com,439,398,no
hrushbrook4v@soundcloud.com,405,398,yes
ryoude4w@google.fr,399,398,yes
kwomack4x@foxnews.com,405,398,yes
cguarin4y@aol.com,459,398,yes
wflynn4z@tuttocitta.it,418,398,yes
hdunkersley50@go.com,429,398,yes
lstenhouse51@vinaora.com,405,398,yes
fzarfat52@noaa.gov,439,398,no
cstiffkins5@@theatlantic.com,,398,no
nbeagin54@dailymotion.com,423,398,yes
edoulden55@auda.org.au,463,,yes
snoorwood56@github.com,399,400,no
cweblin57@businessinsider.com,418,400,yes
rmcparland58@independent.co.uk,,400,no
kedinburough59@hibu.com,449,400,yes
gdedham5a@hubpages.com,434,,yes
jcowie5b@alibaba.com,494,400,yes
srehorek5c@ovh.net,434,400,yes
bsatyford5d@stumbleupon.com,459,400,yes
mhaste5e@booking.com,429,400,yes
fmcgunley5f@plala.or.jp,,400,yes
kcheeld5g@google.de,,400,no
jmollnar5h@a8.net,444,400,no
czammett5i@google.es,412,,yes
adivver5j@miibeian.gov.cn,399,400,yes
gcorgenvin5k@behance.net,,400,yes
dperulli5l@lulu.com,444,400,yes
bgrattan5m@jigsy.com,,400,yes
tkohnen5n@wikia.com,459,400,no
mcleyne5o@oracle.com,434,400,yes
jsharrock5p@ovh.net,468,400,no
zsaffen5q@sogou.com,478,400,yes
jbillany5r@wordpress.org,439,400,yes
mcuppitt5s@nba.com,,400,no
yhune5t@a8.net,484,400,yes
rtuddenham5u@spotify.com,429,400,no
zgalilee5v@ovh.net,423,400,yes
ghylden5w@google.it,429,400,yes
aschneider5x@yahoo.co.jp,,400,yes
gcutsforth5y@livejournal.com,399,400,yes
rgenn5z@icq.com,392,400,yes
awareing60@jiathis.com,449,402,yes
jwalas61@umich.edu,418,402,no
rtwentyman62@umich.edu,454,402,yes
mtorbeck6@@creativecommons.org,439,402,no
bkerrane64@behance.net,423,402,yes
mchamperlen65@upenn.edu,,,yes
maaronson66@bbb.org,429,402,yes
pharcombe67@artisteer.com,412,402,yes
tloseke68@wix.com,444,,yes
cscapelhorn69@alibaba.com,434,402,yes
dfiorentino6a@mozilla.org,439,402,no
idawkins6b@histats.com,454,402,no
zmessage6c@arstechnica.com,439,402,no
ksellan6d@exblog.jp,439,402,no
cfairfull6e@boston.com,439,402,no
coxburgh6f@shutterfly.com,,402,yes
valeksandrov6g@gnu.org,439,402,yes
bashworth6h@constantcontact.com,423,402,yes
wsanham6i@people.com.cn,454,402,no
cbinford6j@bing.com,399,402,yes
djewel6k@gmpg.org,405,402,yes
ksilby6l@hostgator.com,449,402,yes
elesly6m@craigslist.org,405,402,no
dnoble6n@creativecommons.org,412,402,no
lwarner6o@vk.com,399,402,no
jschapero6p@nydailynews.com,473,402,no
ttomblett6q@hostgator.com,454,402,yes
parboine6r@purevolume.com,423,402,yes
rrose6s@unc.edu,444,403,yes
agabby6t@fastcompany.com,439,403,yes
pkeyse6u@dedecms.com,399,403,yes
lstear6v@state.tx.us,434,403,no
cnield6w@paypal.com,,403,no
ksthill6x@soundcloud.com,418,403,no
mbenford6y@google.pl,449,403,yes
jkingzett6z@irs.gov,444,403,no
bguilaem70@ed.gov,439,403,no
pmarmyon71@narod.ru,429,,yes
darmytage72@hao12@.com,478,403,no
lcotton7@@opera.com,454,403,yes
rmaciak74@themeforest.net,405,403,yes
dpenswick75@wired.com,392,403,yes
tfusedale76@cafepress.com,463,403,no
dmcfadden77@utexas.edu,423,403,yes
eantrack78@nih.gov,439,403,yes
rbratten79@senate.gov,405,403,yes
lmilazzo7a@amazon.de,399,403,yes
kballingal7b@weebly.com,434,403,no
feliot7c@eepurl.com,434,403,yes
cconstanza7d@domainmarket.com,405,403,yes
ncornfield7e@fastcompany.com,463,,no
cgladbeck7f@bbb.org,489,403,yes
tblasius7g@stanford.edu,489,403,no
etwinterman7h@theatlantic.com,468,403,yes
adaniele7i@jiathis.com,478,403,yes
hodam7j@qq.com,444,403,yes
flanger7k@prlog.org,,403,yes
pscroxton7l@clickbank.net,473,403,yes
jjamson7m@howstuffworks.com,454,403,no
schubb7n@comsenz.com,418,403,yes
bclaw7o@netscape.com,418,403,yes
bskellern7p@yellowbook.com,434,405,yes
plewerenz7q@4shared.com,449,,yes
cmattersey7r@tmall.com,520,405,yes
rarnauduc7s@pbs.org,449,405,yes
mhands7t@aol.com,434,405,yes
rmoncrieffe7u@google.ru,454,405,no
lbrewerton7v@linkedin.com,473,405,yes
kcuttell7w@time.com,459,405,no
mpersence7x@istockphoto.com,429,405,yes
moguz7y@e-recht24.de,429,405,no
mwharin7z@princeton.edu,478,405,yes
astather80@ebay.co.uk,412,405,no
ymullender81@ask.com,429,405,no
mcline82@stanford.edu,468,405,no
crentz8@@dion.ne.jp,468,405,yes
mgalia84@dmoz.org,434,,yes
fbodicum85@utexas.edu,429,405,yes
gesposi86@fastcompany.com,444,405,no
ndanser87@list-manage.com,418,,yes
cscotland88@tmall.com,423,405,yes
djenken89@craigslist.org,429,405,yes
mringsell8a@imageshack.us,478,405,yes
bjanout8b@shareasale.com,392,405,yes
vheffron8c@mac.com,459,405,no
mbyrnes8d@weebly.com,399,405,yes
cgigg8e@unicef.org,444,405,no
fprobbing8f@tinyurl.com,484,405,yes
zkopec8g@sbwire.com,423,405,yes
hgreenly8h@wsj.com,429,405,yes
lpastor8i@networksolutions.com,399,405,yes
wrushe8j@independent.co.uk,434,405,no
mmenichelli8k@miitbeian.gov.cn,463,405,yes
scusack8l@12@-reg.co.uk,429,405,yes
ooen8m@geocities.jp,463,405,yes
tgabbot8n@jalbum.net,439,405,yes
klapenna8o@noaa.gov,459,407,yes
mwaddington8p@imdb.com,489,407,yes
jmckevitt8q@guardian.co.uk,473,407,no
kbeccero8r@china.com.cn,439,407,no
wlurner8s@webs.com,423,407,yes
hperkis8t@canalblog.com,463,407,yes
amacparland8u@wikimedia.org,434,407,yes
chundley8v@last.fm,423,407,no
khuntington8w@alibaba.com,439,407,no
okewzick8x@taobao.com,444,407,yes
alarge8y@go.com,429,407,yes
scann8z@indiatimes.com,449,407,no
ddooman90@dion.ne.jp,459,407,yes
shurlestone91@whitehouse.gov,429,,no
dbernt92@wsj.com,478,407,yes
gduddle9@@themeforest.net,454,407,yes
nmustard94@mtv.com,434,407,no
ktue95@blogger.com,484,407,yes
vkimber96@digg.com,399,407,no
tstivani97@google.com.au,439,407,yes
bnewhouse98@oracle.com,,,no
pdaens99@va.gov,484,,yes
amuzzall9a@nih.gov,454,407,no
lturbitt9b@biglobe.ne.jp,449,407,yes
vallsup9c@msn.com,444,407,no
mwressell9d@friendfeed.com,454,407,yes
aoshea9e@intel.com,459,407,no
sphilimore9f@ox.ac.uk,384,407,no
mbutrimovich9g@g.co,449,407,yes
jhodgets9h@dropbox.com,449,407,yes
mpedri9i@bbb.org,405,407,yes
eboles9j@samsung.com,489,,yes
ctregent9k@usa.gov,494,407,yes
ltagg9l@harvard.edu,,407,no
lcharette9m@google.ru,434,407,yes
glavell9n@last.fm,454,407,yes
gspilisy9o@wiley.com,459,407,yes
fmeasham9p@answers.com,434,407,no
cgravell9q@jalbum.net,454,408,yes
tanthony9r@zdnet.com,454,408,no
bmeacher9s@illinois.edu,463,408,no
kmattinson9t@spiegel.de,473,408,yes
dscoone9u@technorati.com,418,408,yes
crickhuss9v@1und1.de,468,408,yes
kbrazier9w@sohu.com,494,408,no
ccole9x@home.pl,429,408,yes
ftaffe9y@cargocollective.com,520,408,no
yerswell9z@flickr.com,429,408,no
spiddlesdena0@shareasale.com,449,408,yes
mbaldreya1@sbwire.com,454,408,yes
wgrimma2@yellowbook.com,459,,yes
aswadlena@@ox.ac.uk,506,,yes
bburchella4@nba.com,412,408,no
keldridgea5@theglobeandmail.com,434,408,no
lshipcotta6@gravatar.com,,408,yes
rfraschinia7@eepurl.com,429,408,yes
jlecornua8@nature.com,449,408,yes
gprobettsa9@liveinternet.ru,449,408,yes
ssedworthaa@tinypic.com,423,408,yes
gbalcockab@mediafire.com,423,,yes
adessonac@issuu.com,468,408,no
adibblead@cam.ac.uk,468,408,yes
mfliegae@ibm.com,429,408,yes
kmcveightyaf@sfgate.com,473,,yes
rmeeag@creativecommons.org,478,408,no
aworkesah@tripadvisor.com,506,408,yes
rmordueai@slate.com,439,408,no
dschustlaj@dropbox.com,434,408,yes
ssharpusak@dailymail.co.uk,423,408,yes
adevonshireal@globo.com,463,408,yes
lmarnaneam@newyorker.com,444,408,no
uoverilan@storify.com,439,408,yes
greinersao@nationalgeographic.com,,408,no
ohandap@tamu.edu,,408,yes
gpastoraq@globo.com,449,408,yes
screserar@taobao.com,,408,no
rmaceras@buzzfeed.com,444,,yes
bbiltonat@bbb.org,444,408,no
hkeverenau@gravatar.com,439,408,yes
kspelsburyav@example.com,423,408,yes
brodrigaw@github.io,444,410,no
mspadolliniax@nyu.edu,473,,yes
lmoteay@pcworld.com,454,410,no
hgriniovaz@facebook.com,429,410,yes
lblaschekb0@boston.com,468,410,yes
adentb1@shareasale.com,434,410,yes
dtomeob2@tinyurl.com,463,410,yes
tzolinib@@odnoklassniki.ru,439,410,no
jpringb4@cdc.gov,478,410,yes
gcrantonb5@npr.org,489,410,yes
veastmanb6@mayoclinic.com,,410,no
cmoyserb7@flavors.me,473,410,yes
goreaganb8@e-recht24.de,459,410,no
omcgriffinb9@census.gov,439,,yes
aronaghanba@cocolog-nifty.com,429,410,yes
adennessbb@ihg.com,439,410,yes
cambridgebc@free.fr,449,,yes
rpullinbd@patch.com,439,410,yes
kbischofbe@comsenz.com,,410,yes
skiddebf@nyu.edu,412,410,yes
remnoneybg@google.nl,405,410,yes
bspillettbh@bloomberg.com,449,410,no
aconnewbi@kickstarter.com,454,410,yes
gchellenhambj@slate.com,444,410,no
dagneybk@tumblr.com,,410,yes
hmunrobl@paypal.com,439,410,no
bbeldonbm@vkontakte.ru,484,410,yes
hbohmanbn@cnbc.com,418,410,yes
jwrathallbo@blogspot.com,,410,no
ydowsonbp@adobe.com,478,410,yes
nscanesbq@ihg.com,506,410,no
eburbankbr@mit.edu,439,410,no
gcurgenvenbs@dropbox.com,434,410,yes
zsauvagebt@amazonaws.com,459,410,yes
sridettbu@typepad.com,468,410,no
bdixeybv@networkadvertising.org,444,410,yes
ekingtonbw@hugedomains.com,439,410,yes
afuchsbx@wunderground.com,513,410,yes
dbaptisteby@mtv.com,500,410,no
mbraidonbz@over-blog.com,434,410,yes
dcurriec0@pcworld.com,576,,yes
rchoulesc1@ftc.gov,506,410,yes
phuskec2@sohu.com,459,410,yes
bcuttingc@@opera.com,520,410,no
mdowlec4@comsenz.com,468,410,no
jgrainc5@guardian.co.uk,449,410,no
esabatesc6@phoca.cz,429,410,yes
mskirvinc7@samsung.com,444,410,no
mstormsc8@github.com,444,411,yes
yashforthc9@constantcontact.com,449,411,yes
ahalbordca@stanford.edu,468,411,yes
ekilloughcb@shinystat.com,439,411,no
wwicksteadcc@ehow.com,405,411,no
cnoonecd@bloglovin.com,444,411,yes
eemanuelovce@bandcamp.com,468,411,no
pellinorcf@github.io,449,411,yes
tstittlecg@taobao.com,449,411,yes
mbuckseych@studiopress.com,473,,yes
sshearmeci@1688.com,468,411,yes
jmcgiffordcj@mail.ru,536,411,yes
cjoburnck@irs.gov,454,411,no
zbarettecl@skype.com,412,411,yes
wpetruscm@businessweek.com,444,411,yes
mjansecn@t.co,468,411,no
hminogueco@forbes.com,489,411,yes
pmavincp@yolasite.com,399,411,no
emocquercq@16@.com,423,411,yes
dfroggattcr@hugedomains.com,459,411,yes
ktroakecs@weibo.com,423,411,yes
wshaperact@indiegogo.com,468,411,yes
ddaneletcu@pen.io,478,411,yes
dorrettcv@diigo.com,405,411,yes
bskevingtoncw@privacy.gov.au,,411,yes
bspeechlycx@mozilla.org,399,,yes
kensercy@tmall.com,434,411,no
minglesentcz@blogspot.com,439,411,no
bcawkerd0@soup.io,468,411,yes
dlennarded1@nps.gov,454,411,yes
hmarshalld2@hp.com,444,411,no
vchasterd@@typepad.com,478,411,yes
cszymczykd4@slate.com,494,411,no
mmillyardd5@technorati.com,449,411,no
hleyfieldd6@unesco.org,484,411,no
hbramhamd7@squarespace.com,528,411,yes
cbockmand8@icio.us,473,411,yes
ttoplind9@eventbrite.com,468,411,no
sashpoleda@cam.ac.uk,463,413,no
cpogosiandb@tuttocitta.it,454,413,no
krunacresdc@ezinearticles.com,439,413,yes
tadneydd@prlog.org,429,413,no
ugladdinde@netlog.com,513,413,no
jhapkedf@hubpages.com,439,413,yes
lsummerilldg@yahoo.co.jp,399,413,no
eheberdh@lycos.com,449,413,no
chayforddi@pinterest.com,423,413,yes
kcrebbindj@purevolume.com,449,413,no
nturbittdk@google.com.au,444,413,no
dzannottidl@16@.com,418,413,yes
tkernedm@prnewswire.com,,413,yes
mearsmandn@tinyurl.com,418,413,yes
mpartkyado@chicagotribune.com,434,413,yes
rsoeirodp@auda.org.au,459,413,no
rchattendq@mysql.com,513,413,no
gboastdr@guardian.co.uk,459,,yes
dmarchingtonds@nytimes.com,412,413,yes
fhanlondt@wisc.edu,459,413,yes
rwrenndu@geocities.jp,473,413,no
fgallifontdv@chron.com,,413,yes
aupcottdw@paginegialle.it,429,413,yes
chaldendx@about.me,449,413,yes
istanmandy@senate.gov,473,413,no
apaydondz@discuz.net,454,413,yes
mbenjafielde0@independent.co.uk,,413,no
fmoxsteade1@istockphoto.com,399,413,no
daikette2@adobe.com,444,413,yes
nsygrovee@@auda.org.au,439,413,no
rshildricke4@jalbum.net,468,413,yes
ecardozoe5@lulu.com,392,413,yes
blagnee6@jimdo.com,449,413,yes
wfrantseve7@digg.com,449,413,no
clemerchante8@exblog.jp,412,,yes
bregie9@taobao.com,423,413,yes
ayellowleaea@amazonaws.com,418,413,no
hjiruseb@fc2.com,429,413,yes
dgreenhoweec@about.me,434,413,yes
lfeaksed@blogtalkradio.com,418,413,yes
tattreedee@hubpages.com,468,413,yes
frylettef@nsw.gov.au,429,413,no
cdurningeg@apple.com,489,413,no
bfernleyeh@qq.com,444,413,yes
afairpoolei@gnu.org,468,413,no
nmacconnellej@geocities.jp,444,413,yes
osheaek@meetup.com,484,414,yes
asymsonel@hexun.com,449,414,yes
ssmallesem@about.me,484,414,yes
cholleworthen@blinklist.com,434,414,no
awindresseo@shareasale.com,454,414,yes
rhairesnapeep@salon.com,463,414,no
mrickereq@mozilla.com,454,414,no
lnestleer@meetup.com,449,414,yes
maugures@salon.com,459,414,no
bmatejicet@ucla.edu,463,,yes
cwernhameu@psu.edu,468,414,yes
wglassonev@seattletimes.com,444,414,yes
bjinaew@google.co.jp,444,414,yes
bgeraultex@cdc.gov,484,414,no
dsaiensey@taobao.com,429,414,yes
gkuschelez@google.com.hk,520,414,no
lcollinettef0@nytimes.com,463,414,yes
hkelshawf1@delicious.com,434,414,yes
aikringillf2@irs.gov,,,yes
gtrevorrowf@@google.com,444,414,yes
fgregoracef4@wikispaces.com,506,414,yes
lknowlmanf5@hostgator.com,439,414,yes
pcaldowf6@uiuc.edu,454,414,yes
jmeacherf7@dot.gov,489,414,no
lmatityahuf8@com.com,444,414,yes
lnorreyf9@goodreads.com,444,,yes
cmebsfa@ifeng.com,,414,yes
kdyettfb@canalblog.com,473,414,no
oklimentyonokfc@berkeley.edu,412,414,no
mlabbetfd@amazon.co.uk,489,414,no
bblarefe@fema.gov,513,416,no
jbankff@nsw.gov.au,459,416,yes
grollerfg@ca.gov,473,416,yes
mchalfontfh@rambler.ru,459,,no
jslanefi@free.fr,489,416,yes
mmoormanfj@tiny.cc,463,416,yes
fjansafk@wordpress.com,484,416,yes
sconfordfl@nydailynews.com,,,no
ncainesfm@gravatar.com,423,416,yes
mburgwynfn@answers.com,536,416,no
jlerganfo@issuu.com,439,416,yes
mashmentfp@phpbb.com,494,,no
brubenfeldfq@twitpic.com,,416,no
jziemeckifr@mtv.com,454,416,yes
mmcbayfs@gravatar.com,513,,no
acorbynft@cisco.com,500,416,yes
gdythamfu@a8.net,468,416,yes
kbrackstonefv@clickbank.net,412,416,no
aneashamfw@yellowpages.com,513,416,yes
dtrumanfx@vk.com,506,416,no
lthebeaufy@bloglines.com,,416,yes
aeburnefz@aboutads.info,418,416,no
jbettyg0@hostgator.com,459,416,yes
ktebbitg1@@60.cn,513,416,no
lfigureg2@zdnet.com,468,416,yes
vcraighallg@@china.com.cn,459,416,no
sorrg4@tamu.edu,520,416,yes
pkeyworthg5@apache.org,449,416,yes
rbartheletg6@umich.edu,489,416,yes
ihaddintong7@hatena.ne.jp,444,416,yes
bverrechiag8@gov.uk,468,,no
abalsdoneg9@goodreads.com,473,,no
kbabinskiga@mozilla.org,454,416,yes
cronaldgb@microsoft.com,454,416,no
mredfernegc@ed.gov,439,416,yes
dgadesbygd@hexun.com,454,416,no
wkayge@wisc.edu,478,416,no
spawlatagf@gmpg.org,434,416,yes
cscotchbrookgg@reuters.com,463,418,yes
bchurchillgh@mashable.com,,418,yes
mtotterdellgi@cmu.edu,423,418,yes
hstrittongj@amazonaws.com,473,,yes
gnixgk@marketwatch.com,489,418,no
ksherwingl@upenn.edu,494,418,no
tklouzgm@google.co.uk,454,418,no
azywickign@etsy.com,478,418,yes
msturrockgo@go.com,,418,no
bsparwellgp@yolasite.com,444,418,no
rmaccrawgq@mlb.com,454,418,no
hdouberdaygr@msu.edu,,418,yes
clembkegs@google.co.jp,434,418,yes
fbarnbrookgt@columbia.edu,429,418,no
rtregennagu@marriott.com,478,418,no
gbridsongv@flickr.com,463,418,yes
mshillakergw@mashable.com,,418,yes
mraistrickgx@slideshare.net,500,418,no
obrenstongy@yellowbook.com,418,418,no
syurchenkogz@sbwire.com,439,418,yes
jmorroweh0@hexun.com,454,418,no
jaickenh1@cyberchimps.com,484,418,no
bgogganh2@imageshack.us,,418,no
bjimesh@@wikimedia.org,478,418,no
cgorgesh4@examiner.com,439,418,yes
acornerh5@boston.com,454,418,yes
agoldneyh6@spotify.com,473,418,yes
lshineh7@trellian.com,,419,yes
dmoath8@github.com,459,419,no
ktrimbyh9@51.la,473,419,no
clinbohmha@studiopress.com,439,419,no
dsimisterhb@cmu.edu,463,419,yes
cpeaddiehc@cbslocal.com,484,419,no
cgarmanhd@wix.com,478,419,no
cvelarealhe@go.com,418,419,yes
cfinchamhf@ebay.co.uk,500,419,no
lburlinghg@prweb.com,434,419,no
ccristobalhh@geocities.jp,468,419,yes
dvedyasovhi@va.gov,500,419,no
plevyhj@prlog.org,489,419,yes
pbarffordhk@wordpress.org,449,419,no
avanderkruyshl@soundcloud.com,454,419,no
ahazeldinehm@example.com,473,419,no
msussemshn@bing.com,468,419,no
dgallacherho@nps.gov,434,419,no
aivanyukovhp@netscape.com,473,419,no
rraspisonhq@ycombinator.com,439,419,yes
rteulierhr@12@-reg.co.uk,459,419,no
fornilshs@php.net,473,419,yes
rdibbleht@geocities.com,506,419,yes
ccowoppehu@ebay.co.uk,439,,yes
sgashhv@freewebs.com,500,419,no
nwetterhw@whitehouse.gov,463,419,no
gmonkleyhx@cmu.edu,439,419,no
gmcmichaelhy@craigslist.org,494,419,yes
tjuryhz@guardian.co.uk,489,419,no
acranstonei0@bizjournals.com,468,419,no
dcarli1@imdb.com,459,419,no
ecaruthi2@multiply.com,454,419,yes
tdyasi@@oracle.com,,419,no
rcluniei4@mashable.com,449,419,yes
bblesti5@t-online.de,500,419,no
gyandelli6@hc@60.com,444,419,no
nsothami7@dailymail.co.uk,429,,yes
tsolowayi8@globo.com,478,419,no
vbasnetti9@patch.com,459,419,no
acameronia@canalblog.com,484,419,no
gwhithalghib@de.vu,444,419,yes
arickmanic@cpanel.net,,419,no
hcampanaid@google.com.hk,459,419,no
cwenhamie@ehow.com,,419,yes
bkleesif@cmu.edu,489,419,no
dtudballig@geocities.jp,418,419,no
dtoursih@sakura.ne.jp,484,419,no
ssoppittii@usa.gov,439,419,yes
jgilfoyleij@nba.com,468,419,no
syakubowiczik@oracle.com,473,419,no
rgiannazzoil@qq.com,,419,yes
rpinaim@godaddy.com,489,419,no
nallrightin@issuu.com,468,419,yes
churdisio@soundcloud.com,459,419,no
kogavinip@army.mil,459,419,no
dabbotiq@alibaba.com,454,419,yes
rmoensir@mashable.com,506,419,no
jweekeis@indiegogo.com,478,,no
vwibrowit@woothemes.com,513,421,yes
fwickensiu@marketwatch.com,478,421,yes
rmozziiv@economist.com,484,421,no
obrandtsiw@dion.ne.jp,454,421,no
mhussetix@seesaa.net,468,421,yes
wsloraiy@wikimedia.org,454,421,yes
rdiggiz@multiply.com,463,421,no
prumboldj0@t.co,484,421,no
wduhamelj1@google.co.uk,473,421,no
ehollerinj2@fotki.com,484,421,no
cthundersj@@bigcartel.com,459,421,no
cfishleej4@prweb.com,449,421,no
clyptradej5@reuters.com,473,421,yes
mpannerj6@nytimes.com,484,421,no
wgrimsteadj7@qq.com,500,,no
chanlinj8@ebay.co.uk,434,421,no
chardacrej9@who.int,434,421,yes
dspiraja@barnesandnoble.com,449,421,yes
dkettoejb@washingtonpost.com,528,421,yes
capthorpejc@wufoo.com,449,421,yes
criordanjd@usgs.gov,468,421,no
bpaulilloje@addtoany.com,449,421,yes
mdumpletonjf@nba.com,,421,yes
cslorancejg@webs.com,500,421,no
wsehorschjh@wiley.com,,421,yes
lorumji@istockphoto.com,449,421,yes
cchuneyjj@businessweek.com,489,421,no
ssambidgejk@reference.com,473,421,no
daristidejl@gmpg.org,454,421,no
bjennisonjm@vkontakte.ru,473,421,no
acharsleyjn@ovh.net,520,421,yes
nmattiaccijo@e-recht24.de,429,421,yes
btomasinijp@elpais.com,,421,yes
ifrangionejq@creativecommons.org,506,421,no
mtrenemanjr@multiply.com,489,421,no
vjohnkejs@harvard.edu,468,421,yes
amarcusjt@tamu.edu,468,421,yes
rlehrerju@usatoday.com,459,421,no
yfulopjv@prnewswire.com,434,422,yes
hbriteejw@facebook.com,513,422,yes
fpinardjx@ehow.com,528,422,no
mrimerjy@bing.com,494,422,yes
gwinkettjz@ehow.com,412,422,yes
bchampneysk0@4shared.com,484,422,no
hcreswellk1@cisco.com,449,422,yes
ewaggettk2@12@-reg.co.uk,434,422,yes
dedmottk@@who.int,449,422,no
tmatousk4@ifeng.com,478,422,no
cderhamk5@gov.uk,444,422,no
kseawellk6@arizona.edu,444,422,no
ecastagnarok7@berkeley.edu,444,422,yes
smessierk8@yolasite.com,478,422,yes
peschellek9@columbia.edu,494,422,yes
gbeaneyka@npr.org,463,422,no
abrycesonkb@dagondesign.com,468,422,yes
lmackiewiczkc@liveinternet.ru,536,422,no
haverykd@discuz.net,520,422,no
alemaryke@imageshack.us,484,422,no
soxbekf@devhub.com,459,422,no
ldelafeldkg@eventbrite.com,449,422,no
cdaoutkh@deviantart.com,412,422,yes
vfairebrotherki@eepurl.com,484,,yes
asandaykj@google.ca,513,422,yes
ilemoirkk@unc.edu,459,422,yes
rdorsettkl@gizmodo.com,454,422,yes
ocostykm@so-net.ne.jp,434,422,yes
kgoulbornkn@abc.net.au,473,422,no
jdudhillko@nature.com,473,422,yes
trusbridgekp@rakuten.co.jp,449,422,no
sbecariskq@geocities.jp,500,422,no
tcorringtonkr@canalblog.com,449,422,no
gthairsks@purevolume.com,489,422,yes
dlaukskt@samsung.com,434,422,no
lmccartyku@diigo.com,449,422,no
ladanezkv@angelfire.com,547,422,no
mmurrkw@nhs.uk,473,422,no
gvedenyakinkx@amazon.co.jp,528,422,yes
egergeky@hud.gov,463,422,no
sclemmeykz@bluehost.com,468,422,yes
sdenkinl0@wp.com,423,422,yes
pfullardl1@dion.ne.jp,500,422,yes
jcleevel2@mayoclinic.com,489,,yes
ltettleyl@@aboutads.info,473,422,yes
aschulerl4@salon.com,459,422,yes
btorricinal5@cdbaby.com,,422,no
cconnopl6@facebook.com,468,422,no
mminihanl7@bing.com,559,,yes
dtodl8@aboutads.info,478,424,yes
ifrimanl9@a8.net,,424,yes
scostala@dmoz.org,506,424,no
kmolineauxlb@patch.com,559,424,no
kdrakardlc@sitemeter.com,439,424,yes
thookeld@nba.com,484,424,no
lstanggjertsenle@hugedomains.com,484,424,yes
alenoirlf@imdb.com,429,424,yes
tcastanolg@unblog.fr,473,424,yes
bparkeslh@wunderground.com,463,424,no
cbewlayli@instagram.com,473,424,no
hhowelj@geocities.com,500,424,yes
oroalfelk@ebay.com,506,424,yes
mjoontjesll@livejournal.com,434,424,yes
ibarltroplm@twitter.com,506,424,yes
jspaducciln@technorati.com,459,424,no
mbanklo@sitemeter.com,449,424,no
nandreixlp@reverbnation.com,423,424,yes
pbaumlerlq@narod.ru,454,424,yes
wantonuttilr@instagram.com,463,424,no
callcornls@ft.com,454,,no
tmundeelt@shinystat.com,468,424,no
hsilversonlu@uol.com.br,439,424,yes
hleinweberlv@nps.gov,500,424,no
agellandlw@google.co.uk,489,424,yes
rchartelx@phpbb.com,473,424,yes
erosevearely@nationalgeographic.com,468,424,no
dsandeylz@myspace.com,459,424,yes
mrojelm0@amazon.com,468,424,no
lhallenm1@ebay.co.uk,444,424,yes
rfindlaterm2@last.fm,,424,no
dgruszeckim@@ucoz.ru,439,424,yes
dhabornm4@wikispaces.com,454,424,yes
iblankenshipm5@edublogs.org,559,424,no
mghilksm6@nba.com,478,424,yes
abembridgem7@sfgate.com,468,,no
wbendonm8@google.com.hk,449,424,no
gbrumptonm9@seesaa.net,494,424,yes
rverbrugghenma@ocn.ne.jp,484,424,no
lmattammb@myspace.com,478,424,no
rformillimc@ifeng.com,449,425,yes
tghiroldimd@amazon.co.jp,478,425,no
cenderwickme@reverbnation.com,489,425,no
jpesslermf@foxnews.com,,425,yes
cstroddermg@loc.gov,489,425,no
hvalentemh@etsy.com,449,425,yes
klankhammi@archive.org,484,425,no
vchristoffemj@jigsy.com,463,425,yes
cthoresbiemk@shinystat.com,459,425,no
sswansburyml@devhub.com,429,425,no
gjimesmm@indiegogo.com,,425,no
wwhilesmn@reference.com,,425,no
ewolvermo@utexas.edu,500,425,yes
qkingsnodmp@usgs.gov,478,,yes
rpitonemq@bluehost.com,506,425,yes
efriedenbachmr@linkedin.com,478,425,yes
acarstairsms@businesswire.com,473,425,no
slaverickmt@mysql.com,468,425,yes
khuttenmu@nhs.uk,444,425,yes
oscammondenmv@artisteer.com,506,,yes
bselleymw@cbc.ca,528,425,yes
doheffernanmx@desdev.cn,,425,yes
mwrattenmy@imageshack.us,434,425,yes
wcrosonmz@cnn.com,449,425,no
rcarrettn0@theguardian.com,478,425,yes
dquerneln1@archive.org,449,425,yes
gbuttnern2@lulu.com,,425,no
cfreddin@@yelp.com,463,425,no
abothan4@cafepress.com,444,425,yes
tfidellin5@cbc.ca,473,425,yes
kmccroryn6@stumbleupon.com,449,425,no
croylen7@fema.gov,454,425,no
cdecheletten8@mediafire.com,449,425,no
ttunnicliffn9@tamu.edu,468,425,no
smacgounna@twitter.com,494,425,no
cpeppardnb@shop-pro.jp,,425,yes
cgadsdonnc@ow.ly,454,425,yes
pcosleynd@gov.uk,484,425,no
rdundridgene@behance.net,484,425,no
crainsdonnf@google.ru,513,425,no
kplaideng@japanpost.jp,429,425,no
dmatveyevnh@gizmodo.com,478,425,yes
ldelacourtni@youku.com,494,425,no
tmorelandnj@ustream.tv,444,425,no
gfranciskiewicznk@macromedia.com,478,425,yes
tburnyeatnl@last.fm,489,,yes
wzannelinm@epa.gov,454,425,no
awilbudnn@photobucket.com,478,425,yes
mmidsonno@naver.com,454,425,yes
ewarnernp@dell.com,,425,yes
ptreanornq@cornell.edu,536,425,no
laxfordnr@elegantthemes.com,500,425,no
sfeaseyns@state.tx.us,,425,yes
hcowchant@friendfeed.com,520,,no
rholliarnu@yelp.com,459,427,no
nfortinnv@wisc.edu,,427,yes
etweedenw@photobucket.com,454,427,no
tcamoysnx@nasa.gov,500,427,no
bmackilpatrickny@sphinn.com,520,,no
ppaalnz@sbwire.com,547,427,no
ssadgroveo0@google.com.br,418,427,yes
atonneseno1@google.fr,463,427,yes
mprino2@sohu.com,463,427,no
bstedmondo@@nyu.edu,484,427,no
kjoannico4@mac.com,576,427,no
mstrodero5@deviantart.com,478,427,no
tdallindero6@spotify.com,494,427,no
gchaffero7@hud.gov,439,427,yes
owigfieldo8@aboutads.info,489,427,no
btomso9@wordpress.org,463,,yes
rnelliesoa@newyorker.com,484,427,no
lladewigob@wisc.edu,,427,yes
pcafeoc@spiegel.de,489,427,yes
drhymerod@printfriendly.com,,427,no
bguidonioe@nyu.edu,520,427,no
mhoulahanof@live.com,444,427,yes
bpattersonog@reference.com,463,427,yes
ngrevileoh@netscape.com,463,427,no
swalewiczoi@biglobe.ne.jp,478,427,no
wbusswelloj@illinois.edu,444,427,no
jbassindaleok@state.tx.us,513,,no
vsextenol@cpanel.net,,,yes
ccranhamom@google.ru,478,427,no
ecramphornon@ameblo.jp,429,427,no
ekraussoo@java.com,513,427,yes
nbrimacombeop@creativecommons.org,444,427,yes
mwigglesworthoq@pen.io,459,427,yes
kdebrettor@ox.ac.uk,513,427,no
bmcgeadyos@uol.com.br,500,428,yes
sscannellot@infoseek.co.jp,500,428,no
djollandsou@omniture.com,528,428,no
cgaskoinov@virginia.edu,473,428,yes
alehrmannow@usa.gov,528,,yes
dbudnkox@goodreads.com,,428,no
sflockhartoy@ebay.com,423,428,no
gcuniffeoz@github.com,536,428,no
hlownesp0@t.co,439,428,yes
ajurczykp1@t-online.de,536,428,no
lklampkp2@discovery.com,484,428,no
ewinhamp@@mozilla.com,484,428,no
tmoncreiffep4@themeforest.net,506,428,yes
awrackp5@nydailynews.com,468,428,no
spachep6@1und1.de,520,428,yes
tcuttelarp7@state.tx.us,468,428,no
gcysonp8@uol.com.br,444,428,yes
lschulterp9@theglobeandmail.com,489,428,no
jkitchasidepa@aboutads.info,506,428,yes
bsappellpb@w@.org,454,428,no
eaguirrepc@nsw.gov.au,478,428,no
sblakeneypd@ustream.tv,459,428,yes
etrynorpe@g.co,500,428,yes
jfugglepf@eepurl.com,513,,yes
gtomsonpg@purevolume.com,473,428,no
avennyph@admin.ch,444,428,no
egewerpi@tripod.com,,428,no
tfranzolinipj@spotify.com,484,428,no
thartridgepk@exblog.jp,454,428,no
lgeistpl@earthlink.net,500,428,no
acattellpm@edublogs.org,494,428,no
hucchinopn@time.com,434,428,no
fconkaypo@paypal.com,489,428,no
traulstonpp@ftc.gov,468,428,no
pmanonpq@nydailynews.com,484,428,yes
hswadlenpr@paginegialle.it,536,428,no
jlouderps@linkedin.com,454,428,no
courrypt@parallels.com,473,428,no
tjarredpu@dedecms.com,459,428,no
avaughanhughespv@google.cn,463,428,no
lrontreepw@goo.ne.jp,468,428,no
mmcfaulpx@toplist.cz,473,430,no
cbiglinpy@vkontakte.ru,478,430,no
sbaynampz@unblog.fr,478,430,yes
wthorq0@huffingtonpost.com,463,430,yes
dleemanq1@squarespace.com,528,430,yes
mkuhnertq2@nytimes.com,449,430,yes
wbigleyq@@plala.or.jp,454,430,yes
dfilanq4@hexun.com,478,430,no
equyeq5@theatlantic.com,463,430,no
jdegreyq6@youtu.be,478,430,no
sstiellq7@imageshack.us,494,430,no
fdumphreyq8@tmall.com,473,430,no
mleverq9@xing.com,468,430,yes
czuteqa@ifeng.com,494,430,yes
eolorenshawqb@netvibes.com,484,430,yes
nklimentyonokqc@theglobeandmail.com,468,430,yes
cmacsporranqd@google.ru,473,430,yes
bjennoqe@taobao.com,,430,no
iberreyqf@psu.edu,520,,no
mchawnerqg@nsw.gov.au,473,430,yes
amcilhattonqh@techcrunch.com,559,430,yes
blanfranchiqi@sciencedirect.com,454,430,no
bmollittqj@flavors.me,459,430,yes
habellsqk@timesonline.co.uk,520,430,no
lpapworthql@cbc.ca,489,430,yes
rdangerfieldqm@earthlink.net,,,no
agrottyqn@instagram.com,494,430,yes
ejehaesqo@dedecms.com,520,430,no
akeanqp@freewebs.com,459,430,no
twoofqq@symantec.com,459,430,yes
bcradocqr@newsvine.com,,430,yes
barondelqs@e-recht24.de,,430,yes
kstureqt@squarespace.com,506,430,no
dswatridgequ@bbc.co.uk,513,430,yes
speresqv@cocolog-nifty.com,444,,no
agrigorqw@jiathis.com,454,430,yes
mdoucetteqx@canalblog.com,478,430,yes
tgoslandqy@upenn.edu,468,430,yes
mtremolletqz@dailymail.co.uk,434,430,no
qdeamerr0@bravesites.com,463,430,no
cbirtsr1@senate.gov,528,430,yes
klysaghtr2@marriott.com,439,430,no
tbrokenshawr@@angelfire.com,478,430,yes
klovartr4@nasa.gov,468,,no
wrasellesr5@jiathis.com,,430,no
mhurrellr6@1und1.de,513,430,yes
ymanserr7@whitehouse.gov,506,430,yes
irohlfsr8@woothemes.com,454,431,yes
hgiler9@acquirethisname.com,454,431,no
jlindstedtra@washingtonpost.com,454,431,no
jgabbitisrb@yale.edu,459,431,yes
arimesrc@twitpic.com,473,431,no
jcrookshankrd@w@.org,478,431,no
dsimmigre@army.mil,449,431,yes
jamissrf@lycos.com,449,431,yes
astancerrg@shop-pro.jp,489,431,yes
apickerillrh@earthlink.net,506,431,yes
lcoggenri@unicef.org,454,431,no
nbraithwaiterj@intel.com,506,431,yes
cyitzhakofrk@joomla.org,478,,no
nlongrl@slideshare.net,444,431,no
dmcilvennarm@un.org,536,431,yes
rfolanrn@surveymonkey.com,449,431,yes
jhadwinro@macromedia.com,484,431,no
tesslemontrp@ning.com,,431,no
tsandwichrq@businessinsider.com,484,431,yes
sbywatersrr@mlb.com,468,431,yes
