email,mentor,technique,style,agility
smehaffey0@creativecommons.org,no,473,447,534
dbateman1@hao12@.com,no,536,450,572
bbenham2@xrea.com,yes,463,439,392
mwison@@g.co,no,559,448,438
jagostini4@wordpress.org,yes,489,447,487
kbridgnell5@webnode.com,yes,454,431,412
abotham6@usda.gov,yes,423,395,491
szeal7@pinterest.com,no,500,451,566
ikidby8@who.int,no,439,478,536
jciccone9@hatena.ne.jp,no,528,455,570
njaeggia@microsoft.com,no,473,430,433
sdesporteb@deviantart.com,no,468,437,425
kgoodbarc@blinklist.com,no,559,474,470
ktrevethand@ca.gov,no,494,424,528
clamswoode@yelp.com,no,528,490,606
brisbridgef@constantcontact.com,no,484,439,374
nsanchizg@nih.gov,yes,459,424,358
plovelessh@unicef.org,yes,528,437,391
dnoyei@ft.com,no,478,422,536
khowlingj@reuters.com,yes,559,424,570
dquinetk@51.la,no,454,431,398
nmorchl@arizona.edu,no,473,451,513
estoodleym@liveinternet.ru,yes,602,456,614
sstaresn@shutterfly.com,yes,459,421,506
snettleo@biblegateway.com,yes,576,463,431
hlennardep@zimbio.com,no,520,425,543
ptignerq@dailymotion.com,no,559,522,573
troser@ft.com,no,459,413,501
vturks@hugedomains.com,no,513,416,502
mcoultasst@goo.gl,yes,423,419,459
inajerau@nsw.gov.au,no,494,431,555
osandlandv@irs.gov,no,439,418,429
llyfieldw@symantec.com,yes,434,422,437
prydeardx@about.com,yes,434,414,437
gthalmanny@gmpg.org,yes,454,433,368
mantoschz@12@-reg.co.uk,no,484,450,532
aallsup10@opensource.org,yes,559,458,422
mollin11@prnewswire.com,no,459,445,497
epresser12@globo.com,no,506,439,387
scoddrington1@@printfriendly.com,no,576,476,437
jyakebovich14@purevolume.com,no,484,467,414
dtweede15@marriott.com,yes,434,416,459
cworstall16@e-recht24.de,no,528,480,403
bccomini17@archive.org,no,478,437,416
aspinelli18@imdb.com,no,602,465,453
ksneath19@instagram.com,yes,439,407,503
lbellworthy1a@goo.gl,no,547,487,455
sspong1b@irs.gov,no,489,425,402
dgotthardsf1c@blogspot.com,no,500,447,440
canstee1d@unicef.org,no,468,430,418
awarrick1e@who.int,no,547,480,514
bsmeath1f@cargocollective.com,no,513,440,448
jwisedale1g@blinklist.com,no,405,410,379
lgoodbur1h@posterous.com,no,506,413,515
amunden1i@prlog.org,yes,513,422,514
sblackesland1j@engadget.com,no,559,442,516
roxer1k@t-online.de,yes,547,461,585
ldominelli1l@dropbox.com,yes,454,421,494
kdron1m@marketwatch.com,yes,494,410,452
rdonati1n@ycombinator.com,no,626,465,633
fmcgahy1o@wikimedia.org,no,500,436,538
thuie1p@topsy.com,yes,449,398,385
lsayes1q@w@.org,no,528,442,504
bdrummond1r@auda.org.au,no,500,461,481
iadshed1s@mtv.com,yes,506,436,556
efritschel1t@yellowbook.com,no,473,428,365
rbartzen1u@tamu.edu,yes,444,411,363
ckarim1v@harvard.edu,no,459,436,358
ddahlbom1w@umich.edu,no,463,436,463
fclemenson1x@wikispaces.com,no,559,428,518
abuncher1y@alexa.com,no,536,472,524
sputton1z@ed.gov,yes,473,434,381
ddeverale20@nifty.com,no,500,443,495
dpetras21@macromedia.com,yes,520,424,401
tmenhci22@spotify.com,yes,473,418,499
esherwen2@@smh.com.au,yes,500,428,380
mmackain24@hostgator.com,yes,468,440,363
rsandercock25@hatena.ne.jp,no,513,436,498
hcrawcour26@ocn.ne.jp,no,506,433,493
kmatovic27@prnewswire.com,no,473,448,378
sfurmonger28@abc.net.au,yes,506,474,475
scheeld29@cornell.edu,yes,484,414,494
kfurzey2a@github.com,no,468,411,488
alambole2b@51.la,no,468,422,449
abaggalley2c@google.ca,no,412,395,339
nlockett2d@paypal.com,yes,459,407,520
pdemaid2e@nih.gov,no,506,472,543
yselbie2f@mit.edu,yes,463,402,489
schaperlin2g@foxnews.com,no,500,428,496
skrink2h@columbia.edu,no,463,413,381
stoleman2i@usa.gov,yes,468,443,519
smcveighty2j@ft.com,yes,434,418,443
mcruikshanks2k@japanpost.jp,yes,418,403,390
mwagge2l@illinois.edu,yes,484,442,551
bcoomes2m@cdbaby.com,yes,528,443,534
lbydaway2n@uol.com.br,no,494,410,533
dashdown2o@technorati.com,yes,439,403,396
cpeplay2p@woothemes.com,yes,489,433,424
dfaloon2q@google.es,no,528,422,527
jbeuscher2r@yellowbook.com,no,536,434,412
abenedicte2s@chicagotribune.com,,,,
clamie2t@so-net.ne.jp,,,,
tderrico2u@mozilla.com,,,,
tmunt2v@harvard.edu,,,,
bpauly2w@sun.com,,,,
jbuten2x@freewebs.com,,,,
rdanzelman2y@bigcartel.com,,,,
wbartram2z@e-recht24.de,,,,
jdamrell@0@google.pl,,,,
rraoux@1@bbc.co.uk,,,,
csainz@2@amazon.co.jp,,,,
dvere@@@ibm.com,,,,
cnucci@4@ucsd.edu,,,,
fdabbs@5@nature.com,,,,
fgarrique@6@youtu.be,,,,
gakrigg@7@marketwatch.com,,,,
sheskey@8@ucla.edu,,,,
rbaumann@9@amazon.com,,,,
atoy@a@unicef.org,,,,
agreenfield@b@histats.com,,,,
amccafferky@c@twitter.com,,,,
cdiruggiero@d@yellowpages.com,,,,
mkornousek@e@livejournal.com,,,,
viannazzi@f@cbsnews.com,,,,
rvowels@g@cisco.com,,,,
jjezzard@h@zimbio.com,,,,
kmohammad@i@tinypic.com,,,,
dgiacobbinijacob@j@tinyurl.com,,,,
sskeggs@k@unesco.org,,,,
ddellow@l@umich.edu,,,,
cclawe@m@barnesandnoble.com,,,,
bkingswoode@n@samsung.com,,,,
kucceli@o@seattletimes.com,,,,
vjiroudek@p@cbc.ca,,,,
pfishpoole@q@prweb.com,,,,
tyurocjkin@r@ow.ly,,,,
mhapke@s@gov.uk,,,,
bhogbin@t@apache.org,,,,
gmarlor@u@ucoz.ru,,,,
pgarr@v@people.com.cn,,,,
mconklin@w@microsoft.com,,,,
sshingfield@x@sina.com.cn,,,,
iscammonden@y@istockphoto.com,,,,
sclericoates@z@ftc.gov,,,,
rfirsby40@arizona.edu,,,,
dculy41@samsung.com,,,,
rsultana42@ibm.com,,,,
lquestier4@@php.net,,,,
rantonomolii44@dailymail.co.uk,,,,
ykingsford45@infoseek.co.jp,,,,
jhavercroft46@google.com,,,,
dgumbley47@reddit.com,,,,
kburkin48@zdnet.com,,,,
tbernetti49@biglobe.ne.jp,,,,
abrownsea4a@intel.com,,,,
kbalk4b@biblegateway.com,,,,
tzimmerman4c@washington.edu,,,,
bpenritt4d@hubpages.com,,,,
dchristin4e@fema.gov,,,,
ilandall4f@cmu.edu,,,,
edines4g@paypal.com,,,,
rwemyss4h@blogspot.com,,,,
gwroath4i@hibu.com,,,,
mfairholme4j@google.ca,,,,
croux4k@wikia.com,,,,
dcurrom4l@indiatimes.com,,,,
gramsden4m@angelfire.com,,,,
fkitchingman4n@shop-pro.jp,,,,
darnefield4o@bizjournals.com,,,,
mlabrum4p@indiatimes.com,,,,
tdafforne4q@omniture.com,,,,
aemmines4r@wikimedia.org,,,,
aguilbert4s@bing.com,,,,
kaylwin4t@zdnet.com,,,,
mconklin4u@about.com,,,,
hrushbrook4v@soundcloud.com,,,,
ryoude4w@google.fr,,,,
kwomack4x@foxnews.com,,,,
cguarin4y@aol.com,,,,
wflynn4z@tuttocitta.it,,,,
hdunkersley50@go.com,,,,
lstenhouse51@vinaora.com,,,,
fzarfat52@noaa.gov,,,,
cstiffkins5@@theatlantic.com,,,,
nbeagin54@dailymotion.com,,,,
edoulden55@auda.org.au,,,,
snoorwood56@github.com,,,,
cweblin57@businessinsider.com,,,,
rmcparland58@independent.co.uk,,,,
kedinburough59@hibu.com,,,,
gdedham5a@hubpages.com,,,,
jcowie5b@alibaba.com,,,,
srehorek5c@ovh.net,,,,
bsatyford5d@stumbleupon.com,,,,
mhaste5e@booking.com,,,,
fmcgunley5f@plala.or.jp,,,,
kcheeld5g@google.de,,,,
jmollnar5h@a8.net,,,,
czammett5i@google.es,,,,
adivver5j@miibeian.gov.cn,,,,
gcorgenvin5k@behance.net,,,,
dperulli5l@lulu.com,,,,
bgrattan5m@jigsy.com,,,,
tkohnen5n@wikia.com,,,,
mcleyne5o@oracle.com,,,,
jsharrock5p@ovh.net,,,,
zsaffen5q@sogou.com,,,,
jbillany5r@wordpress.org,,,,
mcuppitt5s@nba.com,,,,
yhune5t@a8.net,,,,
rtuddenham5u@spotify.com,,,,
zgalilee5v@ovh.net,,,,
ghylden5w@google.it,,,,
aschneider5x@yahoo.co.jp,,,,
gcutsforth5y@livejournal.com,,,,
rgenn5z@icq.com,,,,
awareing60@jiathis.com,,,,
jwalas61@umich.edu,,,,
rtwentyman62@umich.edu,,,,
mtorbeck6@@creativecommons.org,,,,
bkerrane64@behance.net,,,,
mchamperlen65@upenn.edu,,,,
maaronson66@bbb.org,,,,
pharcombe67@artisteer.com,,,,
tloseke68@wix.com,,,,
cscapelhorn69@alibaba.com,,,,
dfiorentino6a@mozilla.org,,,,
idawkins6b@histats.com,,,,
zmessage6c@arstechnica.com,,,,
ksellan6d@exblog.jp,,,,
cfairfull6e@boston.com,,,,
coxburgh6f@shutterfly.com,,,,
valeksandrov6g@gnu.org,,,,
bashworth6h@constantcontact.com,,,,
wsanham6i@people.com.cn,,,,
cbinford6j@bing.com,,,,
djewel6k@gmpg.org,,,,
ksilby6l@hostgator.com,,,,
elesly6m@craigslist.org,,,,
dnoble6n@creativecommons.org,,,,
lwarner6o@vk.com,,,,
jschapero6p@nydailynews.com,,,,
ttomblett6q@hostgator.com,,,,
parboine6r@purevolume.com,,,,
rrose6s@unc.edu,,,,
agabby6t@fastcompany.com,,,,
pkeyse6u@dedecms.com,,,,
lstear6v@state.tx.us,,,,
cnield6w@paypal.com,,,,
ksthill6x@soundcloud.com,,,,
mbenford6y@google.pl,,,,
jkingzett6z@irs.gov,,,,
bguilaem70@ed.gov,,,,
pmarmyon71@narod.ru,,,,
darmytage72@hao12@.com,,,,
lcotton7@@opera.com,,,,
rmaciak74@themeforest.net,,,,
dpenswick75@wired.com,,,,
tfusedale76@cafepress.com,,,,
dmcfadden77@utexas.edu,,,,
eantrack78@nih.gov,,,,
rbratten79@senate.gov,,,,
lmilazzo7a@amazon.de,,,,
kballingal7b@weebly.com,,,,
feliot7c@eepurl.com,,,,
cconstanza7d@domainmarket.com,,,,
ncornfield7e@fastcompany.com,,,,
cgladbeck7f@bbb.org,,,,
tblasius7g@stanford.edu,,,,
etwinterman7h@theatlantic.com,,,,
adaniele7i@jiathis.com,,,,
hodam7j@qq.com,,,,
flanger7k@prlog.org,,,,
pscroxton7l@clickbank.net,,,,
jjamson7m@howstuffworks.com,,,,
schubb7n@comsenz.com,,,,
bclaw7o@netscape.com,,,,
bskellern7p@yellowbook.com,,,,
plewerenz7q@4shared.com,,,,
cmattersey7r@tmall.com,,,,
rarnauduc7s@pbs.org,,,,
mhands7t@aol.com,,,,
rmoncrieffe7u@google.ru,,,,
lbrewerton7v@linkedin.com,,,,
kcuttell7w@time.com,,,,
mpersence7x@istockphoto.com,,,,
moguz7y@e-recht24.de,,,,
mwharin7z@princeton.edu,,,,
astather80@ebay.co.uk,,,,
ymullender81@ask.com,,,,
mcline82@stanford.edu,,,,
crentz8@@dion.ne.jp,,,,
mgalia84@dmoz.org,,,,
fbodicum85@utexas.edu,,,,
gesposi86@fastcompany.com,,,,
ndanser87@list-manage.com,,,,
cscotland88@tmall.com,,,,
djenken89@craigslist.org,,,,
mringsell8a@imageshack.us,,,,
bjanout8b@shareasale.com,,,,
vheffron8c@mac.com,,,,
mbyrnes8d@weebly.com,,,,
cgigg8e@unicef.org,,,,
fprobbing8f@tinyurl.com,,,,
zkopec8g@sbwire.com,,,,
hgreenly8h@wsj.com,,,,
lpastor8i@networksolutions.com,,,,
wrushe8j@independent.co.uk,,,,
mmenichelli8k@miitbeian.gov.cn,,,,
scusack8l@12@-reg.co.uk,,,,
ooen8m@geocities.jp,,,,
tgabbot8n@jalbum.net,,,,
klapenna8o@noaa.gov,,,,
mwaddington8p@imdb.com,,,,
jmckevitt8q@guardian.co.uk,,,,
kbeccero8r@china.com.cn,,,,
wlurner8s@webs.com,,,,
hperkis8t@canalblog.com,,,,
amacparland8u@wikimedia.org,,,,
chundley8v@last.fm,,,,
khuntington8w@alibaba.com,,,,
okewzick8x@taobao.com,,,,
alarge8y@go.com,,,,
scann8z@indiatimes.com,,,,
ddooman90@dion.ne.jp,,,,
shurlestone91@whitehouse.gov,,,,
dbernt92@wsj.com,,,,
gduddle9@@themeforest.net,,,,
nmustard94@mtv.com,,,,
ktue95@blogger.com,,,,
vkimber96@digg.com,,,,
tstivani97@google.com.au,,,,
bnewhouse98@oracle.com,,,,
pdaens99@va.gov,,,,
amuzzall9a@nih.gov,,,,
lturbitt9b@biglobe.ne.jp,,,,
vallsup9c@msn.com,,,,
mwressell9d@friendfeed.com,,,,
aoshea9e@intel.com,,,,
sphilimore9f@ox.ac.uk,,,,
mbutrimovich9g@g.co,,,,
jhodgets9h@dropbox.com,,,,
mpedri9i@bbb.org,,,,
eboles9j@samsung.com,,,,
ctregent9k@usa.gov,,,,
ltagg9l@harvard.edu,,,,
lcharette9m@google.ru,,,,
glavell9n@last.fm,,,,
gspilisy9o@wiley.com,,,,
fmeasham9p@answers.com,,,,
cgravell9q@jalbum.net,,,,
tanthony9r@zdnet.com,,,,
bmeacher9s@illinois.edu,,,,
kmattinson9t@spiegel.de,,,,
dscoone9u@technorati.com,,,,
crickhuss9v@1und1.de,,,,
kbrazier9w@sohu.com,,,,
ccole9x@home.pl,,,,
ftaffe9y@cargocollective.com,,,,
yerswell9z@flickr.com,,,,
spiddlesdena0@shareasale.com,,,,
mbaldreya1@sbwire.com,,,,
wgrimma2@yellowbook.com,,,,
aswadlena@@ox.ac.uk,,,,
bburchella4@nba.com,,,,
keldridgea5@theglobeandmail.com,,,,
lshipcotta6@gravatar.com,,,,
rfraschinia7@eepurl.com,,,,
jlecornua8@nature.com,,,,
gprobettsa9@liveinternet.ru,,,,
ssedworthaa@tinypic.com,,,,
gbalcockab@mediafire.com,,,,
adessonac@issuu.com,,,,
adibblead@cam.ac.uk,,,,
mfliegae@ibm.com,,,,
kmcveightyaf@sfgate.com,,,,
rmeeag@creativecommons.org,,,,
aworkesah@tripadvisor.com,,,,
rmordueai@slate.com,,,,
dschustlaj@dropbox.com,,,,
ssharpusak@dailymail.co.uk,,,,
adevonshireal@globo.com,,,,
lmarnaneam@newyorker.com,,,,
uoverilan@storify.com,,,,
greinersao@nationalgeographic.com,,,,
ohandap@tamu.edu,,,,
gpastoraq@globo.com,,,,
screserar@taobao.com,,,,
rmaceras@buzzfeed.com,,,,
bbiltonat@bbb.org,,,,
hkeverenau@gravatar.com,,,,
kspelsburyav@example.com,,,,
brodrigaw@github.io,,,,
mspadolliniax@nyu.edu,,,,
lmoteay@pcworld.com,,,,
hgriniovaz@facebook.com,,,,
lblaschekb0@boston.com,,,,
adentb1@shareasale.com,,,,
dtomeob2@tinyurl.com,,,,
tzolinib@@odnoklassniki.ru,,,,
jpringb4@cdc.gov,,,,
gcrantonb5@npr.org,,,,
veastmanb6@mayoclinic.com,,,,
cmoyserb7@flavors.me,,,,
goreaganb8@e-recht24.de,,,,
omcgriffinb9@census.gov,,,,
aronaghanba@cocolog-nifty.com,,,,
adennessbb@ihg.com,,,,
cambridgebc@free.fr,,,,
rpullinbd@patch.com,,,,
kbischofbe@comsenz.com,,,,
skiddebf@nyu.edu,,,,
remnoneybg@google.nl,,,,
bspillettbh@bloomberg.com,,,,
aconnewbi@kickstarter.com,,,,
gchellenhambj@slate.com,,,,
dagneybk@tumblr.com,,,,
hmunrobl@paypal.com,,,,
bbeldonbm@vkontakte.ru,,,,
hbohmanbn@cnbc.com,,,,
jwrathallbo@blogspot.com,,,,
ydowsonbp@adobe.com,,,,
nscanesbq@ihg.com,,,,
eburbankbr@mit.edu,,,,
gcurgenvenbs@dropbox.com,,,,
zsauvagebt@amazonaws.com,,,,
sridettbu@typepad.com,,,,
bdixeybv@networkadvertising.org,,,,
ekingtonbw@hugedomains.com,,,,
afuchsbx@wunderground.com,,,,
dbaptisteby@mtv.com,,,,
mbraidonbz@over-blog.com,,,,
dcurriec0@pcworld.com,,,,
rchoulesc1@ftc.gov,,,,
phuskec2@sohu.com,,,,
bcuttingc@@opera.com,,,,
mdowlec4@comsenz.com,,,,
jgrainc5@guardian.co.uk,,,,
esabatesc6@phoca.cz,,,,
mskirvinc7@samsung.com,,,,
mstormsc8@github.com,,,,
yashforthc9@constantcontact.com,,,,
ahalbordca@stanford.edu,,,,
ekilloughcb@shinystat.com,,,,
wwicksteadcc@ehow.com,,,,
cnoonecd@bloglovin.com,,,,
eemanuelovce@bandcamp.com,,,,
pellinorcf@github.io,,,,
tstittlecg@taobao.com,,,,
mbuckseych@studiopress.com,,,,
sshearmeci@1688.com,,,,
jmcgiffordcj@mail.ru,,,,
cjoburnck@irs.gov,,,,
zbarettecl@skype.com,,,,
wpetruscm@businessweek.com,,,,
mjansecn@t.co,,,,
hminogueco@forbes.com,,,,
pmavincp@yolasite.com,,,,
emocquercq@16@.com,,,,
dfroggattcr@hugedomains.com,,,,
ktroakecs@weibo.com,,,,
wshaperact@indiegogo.com,,,,
ddaneletcu@pen.io,,,,
dorrettcv@diigo.com,,,,
bskevingtoncw@privacy.gov.au,,,,
bspeechlycx@mozilla.org,,,,
kensercy@tmall.com,,,,
minglesentcz@blogspot.com,,,,
bcawkerd0@soup.io,,,,
dlennarded1@nps.gov,,,,
hmarshalld2@hp.com,,,,
vchasterd@@typepad.com,,,,
cszymczykd4@slate.com,,,,
mmillyardd5@technorati.com,,,,
hleyfieldd6@unesco.org,,,,
hbramhamd7@squarespace.com,,,,
cbockmand8@icio.us,,,,
ttoplind9@eventbrite.com,,,,
sashpoleda@cam.ac.uk,,,,
cpogosiandb@tuttocitta.it,,,,
krunacresdc@ezinearticles.com,,,,
tadneydd@prlog.org,,,,
ugladdinde@netlog.com,,,,
jhapkedf@hubpages.com,,,,
lsummerilldg@yahoo.co.jp,,,,
eheberdh@lycos.com,,,,
chayforddi@pinterest.com,,,,
kcrebbindj@purevolume.com,,,,
nturbittdk@google.com.au,,,,
dzannottidl@16@.com,,,,
tkernedm@prnewswire.com,,,,
mearsmandn@tinyurl.com,,,,
mpartkyado@chicagotribune.com,,,,
rsoeirodp@auda.org.au,,,,
rchattendq@mysql.com,,,,
gboastdr@guardian.co.uk,,,,
dmarchingtonds@nytimes.com,,,,
fhanlondt@wisc.edu,,,,
rwrenndu@geocities.jp,,,,
fgallifontdv@chron.com,,,,
aupcottdw@paginegialle.it,,,,
chaldendx@about.me,,,,
istanmandy@senate.gov,,,,
apaydondz@discuz.net,,,,
mbenjafielde0@independent.co.uk,,,,
fmoxsteade1@istockphoto.com,,,,
daikette2@adobe.com,,,,
nsygrovee@@auda.org.au,,,,
rshildricke4@jalbum.net,,,,
ecardozoe5@lulu.com,,,,
blagnee6@jimdo.com,,,,
wfrantseve7@digg.com,,,,
clemerchante8@exblog.jp,,,,
bregie9@taobao.com,,,,
ayellowleaea@amazonaws.com,,,,
hjiruseb@fc2.com,,,,
dgreenhoweec@about.me,,,,
lfeaksed@blogtalkradio.com,,,,
tattreedee@hubpages.com,,,,
frylettef@nsw.gov.au,,,,
cdurningeg@apple.com,,,,
bfernleyeh@qq.com,,,,
afairpoolei@gnu.org,,,,
nmacconnellej@geocities.jp,,,,
osheaek@meetup.com,,,,
asymsonel@hexun.com,,,,
ssmallesem@about.me,,,,
cholleworthen@blinklist.com,,,,
awindresseo@shareasale.com,,,,
rhairesnapeep@salon.com,,,,
mrickereq@mozilla.com,,,,
lnestleer@meetup.com,,,,
maugures@salon.com,,,,
bmatejicet@ucla.edu,,,,
cwernhameu@psu.edu,,,,
wglassonev@seattletimes.com,,,,
bjinaew@google.co.jp,,,,
bgeraultex@cdc.gov,,,,
dsaiensey@taobao.com,,,,
gkuschelez@google.com.hk,,,,
lcollinettef0@nytimes.com,,,,
hkelshawf1@delicious.com,,,,
aikringillf2@irs.gov,,,,
gtrevorrowf@@google.com,,,,
fgregoracef4@wikispaces.com,,,,
lknowlmanf5@hostgator.com,,,,
pcaldowf6@uiuc.edu,,,,
jmeacherf7@dot.gov,,,,
lmatityahuf8@com.com,,,,
lnorreyf9@goodreads.com,,,,
cmebsfa@ifeng.com,,,,
kdyettfb@canalblog.com,,,,
oklimentyonokfc@berkeley.edu,,,,
mlabbetfd@amazon.co.uk,,,,
bblarefe@fema.gov,,,,
jbankff@nsw.gov.au,,,,
grollerfg@ca.gov,,,,
mchalfontfh@rambler.ru,,,,
jslanefi@free.fr,,,,
mmoormanfj@tiny.cc,,,,
fjansafk@wordpress.com,,,,
sconfordfl@nydailynews.com,,,,
ncainesfm@gravatar.com,,,,
mburgwynfn@answers.com,,,,
jlerganfo@issuu.com,,,,
mashmentfp@phpbb.com,,,,
brubenfeldfq@twitpic.com,,,,
jziemeckifr@mtv.com,,,,
mmcbayfs@gravatar.com,,,,
acorbynft@cisco.com,,,,
gdythamfu@a8.net,,,,
kbrackstonefv@clickbank.net,,,,
aneashamfw@yellowpages.com,,,,
dtrumanfx@vk.com,,,,
lthebeaufy@bloglines.com,,,,
aeburnefz@aboutads.info,,,,
jbettyg0@hostgator.com,,,,
ktebbitg1@@60.cn,,,,
lfigureg2@zdnet.com,,,,
vcraighallg@@china.com.cn,,,,
sorrg4@tamu.edu,,,,
pkeyworthg5@apache.org,,,,
rbartheletg6@umich.edu,,,,
ihaddintong7@hatena.ne.jp,,,,
bverrechiag8@gov.uk,,,,
abalsdoneg9@goodreads.com,,,,
kbabinskiga@mozilla.org,,,,
cronaldgb@microsoft.com,,,,
mredfernegc@ed.gov,,,,
dgadesbygd@hexun.com,,,,
wkayge@wisc.edu,,,,
spawlatagf@gmpg.org,,,,
cscotchbrookgg@reuters.com,,,,
bchurchillgh@mashable.com,,,,
mtotterdellgi@cmu.edu,,,,
hstrittongj@amazonaws.com,,,,
gnixgk@marketwatch.com,,,,
ksherwingl@upenn.edu,,,,
tklouzgm@google.co.uk,,,,
azywickign@etsy.com,,,,
msturrockgo@go.com,,,,
bsparwellgp@yolasite.com,,,,
rmaccrawgq@mlb.com,,,,
hdouberdaygr@msu.edu,,,,
clembkegs@google.co.jp,,,,
fbarnbrookgt@columbia.edu,,,,
rtregennagu@marriott.com,,,,
gbridsongv@flickr.com,,,,
mshillakergw@mashable.com,,,,
mraistrickgx@slideshare.net,,,,
obrenstongy@yellowbook.com,,,,
syurchenkogz@sbwire.com,,,,
jmorroweh0@hexun.com,,,,
jaickenh1@cyberchimps.com,,,,
bgogganh2@imageshack.us,,,,
bjimesh@@wikimedia.org,,,,
cgorgesh4@examiner.com,,,,
acornerh5@boston.com,,,,
agoldneyh6@spotify.com,,,,
lshineh7@trellian.com,,,,
dmoath8@github.com,,,,
ktrimbyh9@51.la,,,,
clinbohmha@studiopress.com,,,,
dsimisterhb@cmu.edu,,,,
cpeaddiehc@cbslocal.com,,,,
cgarmanhd@wix.com,,,,
cvelarealhe@go.com,,,,
cfinchamhf@ebay.co.uk,,,,
lburlinghg@prweb.com,,,,
ccristobalhh@geocities.jp,,,,
dvedyasovhi@va.gov,,,,
plevyhj@prlog.org,,,,
pbarffordhk@wordpress.org,,,,
avanderkruyshl@soundcloud.com,,,,
ahazeldinehm@example.com,,,,
msussemshn@bing.com,,,,
dgallacherho@nps.gov,,,,
aivanyukovhp@netscape.com,,,,
rraspisonhq@ycombinator.com,,,,
rteulierhr@12@-reg.co.uk,,,,
fornilshs@php.net,,,,
rdibbleht@geocities.com,,,,
ccowoppehu@ebay.co.uk,,,,
sgashhv@freewebs.com,,,,
nwetterhw@whitehouse.gov,,,,
gmonkleyhx@cmu.edu,,,,
gmcmichaelhy@craigslist.org,,,,
tjuryhz@guardian.co.uk,,,,
acranstonei0@bizjournals.com,,,,
dcarli1@imdb.com,,,,
ecaruthi2@multiply.com,,,,
tdyasi@@oracle.com,,,,
rcluniei4@mashable.com,,,,
bblesti5@t-online.de,,,,
gyandelli6@hc@60.com,,,,
nsothami7@dailymail.co.uk,,,,
tsolowayi8@globo.com,,,,
vbasnetti9@patch.com,,,,
acameronia@canalblog.com,,,,
gwhithalghib@de.vu,,,,
arickmanic@cpanel.net,,,,
hcampanaid@google.com.hk,,,,
cwenhamie@ehow.com,,,,
bkleesif@cmu.edu,,,,
dtudballig@geocities.jp,,,,
dtoursih@sakura.ne.jp,,,,
ssoppittii@usa.gov,,,,
jgilfoyleij@nba.com,,,,
syakubowiczik@oracle.com,,,,
rgiannazzoil@qq.com,,,,
rpinaim@godaddy.com,,,,
nallrightin@issuu.com,,,,
churdisio@soundcloud.com,,,,
kogavinip@army.mil,,,,
dabbotiq@alibaba.com,,,,
rmoensir@mashable.com,,,,
jweekeis@indiegogo.com,,,,
vwibrowit@woothemes.com,,,,
fwickensiu@marketwatch.com,,,,
rmozziiv@economist.com,,,,
obrandtsiw@dion.ne.jp,,,,
mhussetix@seesaa.net,,,,
wsloraiy@wikimedia.org,,,,
rdiggiz@multiply.com,,,,
prumboldj0@t.co,,,,
wduhamelj1@google.co.uk,,,,
ehollerinj2@fotki.com,,,,
cthundersj@@bigcartel.com,,,,
cfishleej4@prweb.com,,,,
clyptradej5@reuters.com,,,,
mpannerj6@nytimes.com,,,,
wgrimsteadj7@qq.com,,,,
chanlinj8@ebay.co.uk,,,,
chardacrej9@who.int,,,,
dspiraja@barnesandnoble.com,,,,
dkettoejb@washingtonpost.com,,,,
capthorpejc@wufoo.com,,,,
criordanjd@usgs.gov,,,,
bpaulilloje@addtoany.com,,,,
mdumpletonjf@nba.com,,,,
cslorancejg@webs.com,,,,
wsehorschjh@wiley.com,,,,
lorumji@istockphoto.com,,,,
cchuneyjj@businessweek.com,,,,
ssambidgejk@reference.com,,,,
daristidejl@gmpg.org,,,,
bjennisonjm@vkontakte.ru,,,,
acharsleyjn@ovh.net,,,,
nmattiaccijo@e-recht24.de,,,,
btomasinijp@elpais.com,,,,
ifrangionejq@creativecommons.org,,,,
mtrenemanjr@multiply.com,,,,
vjohnkejs@harvard.edu,,,,
amarcusjt@tamu.edu,,,,
rlehrerju@usatoday.com,,,,
yfulopjv@prnewswire.com,,,,
hbriteejw@facebook.com,,,,
fpinardjx@ehow.com,,,,
mrimerjy@bing.com,,,,
gwinkettjz@ehow.com,,,,
bchampneysk0@4shared.com,,,,
hcreswellk1@cisco.com,,,,
ewaggettk2@12@-reg.co.uk,,,,
dedmottk@@who.int,,,,
tmatousk4@ifeng.com,,,,
cderhamk5@gov.uk,,,,
kseawellk6@arizona.edu,,,,
ecastagnarok7@berkeley.edu,,,,
smessierk8@yolasite.com,,,,
peschellek9@columbia.edu,,,,
gbeaneyka@npr.org,,,,
abrycesonkb@dagondesign.com,,,,
lmackiewiczkc@liveinternet.ru,,,,
haverykd@discuz.net,,,,
alemaryke@imageshack.us,,,,
soxbekf@devhub.com,,,,
ldelafeldkg@eventbrite.com,,,,
cdaoutkh@deviantart.com,,,,
vfairebrotherki@eepurl.com,,,,
asandaykj@google.ca,,,,
ilemoirkk@unc.edu,,,,
rdorsettkl@gizmodo.com,,,,
ocostykm@so-net.ne.jp,,,,
kgoulbornkn@abc.net.au,,,,
jdudhillko@nature.com,,,,
trusbridgekp@rakuten.co.jp,,,,
sbecariskq@geocities.jp,,,,
tcorringtonkr@canalblog.com,,,,
gthairsks@purevolume.com,,,,
dlaukskt@samsung.com,,,,
lmccartyku@diigo.com,,,,
ladanezkv@angelfire.com,,,,
mmurrkw@nhs.uk,,,,
gvedenyakinkx@amazon.co.jp,,,,
egergeky@hud.gov,,,,
sclemmeykz@bluehost.com,,,,
sdenkinl0@wp.com,,,,
pfullardl1@dion.ne.jp,,,,
jcleevel2@mayoclinic.com,,,,
ltettleyl@@aboutads.info,,,,
aschulerl4@salon.com,,,,
btorricinal5@cdbaby.com,,,,
cconnopl6@facebook.com,,,,
mminihanl7@bing.com,,,,
dtodl8@aboutads.info,,,,
ifrimanl9@a8.net,,,,
scostala@dmoz.org,,,,
kmolineauxlb@patch.com,,,,
kdrakardlc@sitemeter.com,,,,
thookeld@nba.com,,,,
lstanggjertsenle@hugedomains.com,,,,
alenoirlf@imdb.com,,,,
tcastanolg@unblog.fr,,,,
bparkeslh@wunderground.com,,,,
cbewlayli@instagram.com,,,,
hhowelj@geocities.com,,,,
oroalfelk@ebay.com,,,,
mjoontjesll@livejournal.com,,,,
ibarltroplm@twitter.com,,,,
jspaducciln@technorati.com,,,,
mbanklo@sitemeter.com,,,,
nandreixlp@reverbnation.com,,,,
pbaumlerlq@narod.ru,,,,
wantonuttilr@instagram.com,,,,
callcornls@ft.com,,,,
tmundeelt@shinystat.com,,,,
hsilversonlu@uol.com.br,,,,
hleinweberlv@nps.gov,,,,
agellandlw@google.co.uk,,,,
rchartelx@phpbb.com,,,,
erosevearely@nationalgeographic.com,,,,
dsandeylz@myspace.com,,,,
mrojelm0@amazon.com,,,,
lhallenm1@ebay.co.uk,,,,
rfindlaterm2@last.fm,,,,
dgruszeckim@@ucoz.ru,,,,
dhabornm4@wikispaces.com,,,,
iblankenshipm5@edublogs.org,,,,
mghilksm6@nba.com,,,,
abembridgem7@sfgate.com,,,,
wbendonm8@google.com.hk,,,,
gbrumptonm9@seesaa.net,,,,
rverbrugghenma@ocn.ne.jp,,,,
lmattammb@myspace.com,,,,
rformillimc@ifeng.com,,,,
tghiroldimd@amazon.co.jp,,,,
cenderwickme@reverbnation.com,,,,
jpesslermf@foxnews.com,,,,
cstroddermg@loc.gov,,,,
hvalentemh@etsy.com,,,,
klankhammi@archive.org,,,,
vchristoffemj@jigsy.com,,,,
cthoresbiemk@shinystat.com,,,,
sswansburyml@devhub.com,,,,
gjimesmm@indiegogo.com,,,,
wwhilesmn@reference.com,,,,
ewolvermo@utexas.edu,,,,
qkingsnodmp@usgs.gov,,,,
rpitonemq@bluehost.com,,,,
efriedenbachmr@linkedin.com,,,,
acarstairsms@businesswire.com,,,,
slaverickmt@mysql.com,,,,
khuttenmu@nhs.uk,,,,
oscammondenmv@artisteer.com,,,,
bselleymw@cbc.ca,,,,
doheffernanmx@desdev.cn,,,,
mwrattenmy@imageshack.us,,,,
wcrosonmz@cnn.com,,,,
rcarrettn0@theguardian.com,,,,
dquerneln1@archive.org,,,,
gbuttnern2@lulu.com,,,,
cfreddin@@yelp.com,,,,
abothan4@cafepress.com,,,,
tfidellin5@cbc.ca,,,,
kmccroryn6@stumbleupon.com,,,,
croylen7@fema.gov,,,,
cdecheletten8@mediafire.com,,,,
ttunnicliffn9@tamu.edu,,,,
smacgounna@twitter.com,,,,
cpeppardnb@shop-pro.jp,,,,
cgadsdonnc@ow.ly,,,,
pcosleynd@gov.uk,,,,
rdundridgene@behance.net,,,,
crainsdonnf@google.ru,,,,
kplaideng@japanpost.jp,,,,
dmatveyevnh@gizmodo.com,,,,
ldelacourtni@youku.com,,,,
tmorelandnj@ustream.tv,,,,
gfranciskiewicznk@macromedia.com,,,,
tburnyeatnl@last.fm,,,,
wzannelinm@epa.gov,,,,
awilbudnn@photobucket.com,,,,
mmidsonno@naver.com,,,,
ewarnernp@dell.com,,,,
ptreanornq@cornell.edu,,,,
laxfordnr@elegantthemes.com,,,,
sfeaseyns@state.tx.us,,,,
hcowchant@friendfeed.com,,,,
rholliarnu@yelp.com,,,,
nfortinnv@wisc.edu,,,,
etweedenw@photobucket.com,,,,
tcamoysnx@nasa.gov,,,,
bmackilpatrickny@sphinn.com,,,,
ppaalnz@sbwire.com,,,,
ssadgroveo0@google.com.br,,,,
atonneseno1@google.fr,,,,
mprino2@sohu.com,,,,
bstedmondo@@nyu.edu,,,,
kjoannico4@mac.com,,,,
mstrodero5@deviantart.com,,,,
tdallindero6@spotify.com,,,,
gchaffero7@hud.gov,,,,
owigfieldo8@aboutads.info,,,,
btomso9@wordpress.org,,,,
rnelliesoa@newyorker.com,,,,
lladewigob@wisc.edu,,,,
pcafeoc@spiegel.de,,,,
drhymerod@printfriendly.com,,,,
bguidonioe@nyu.edu,,,,
mhoulahanof@live.com,,,,
bpattersonog@reference.com,,,,
ngrevileoh@netscape.com,,,,
swalewiczoi@biglobe.ne.jp,,,,
wbusswelloj@illinois.edu,,,,
jbassindaleok@state.tx.us,,,,
vsextenol@cpanel.net,,,,
ccranhamom@google.ru,,,,
ecramphornon@ameblo.jp,,,,
ekraussoo@java.com,,,,
nbrimacombeop@creativecommons.org,,,,
mwigglesworthoq@pen.io,,,,
kdebrettor@ox.ac.uk,,,,
bmcgeadyos@uol.com.br,,,,
sscannellot@infoseek.co.jp,,,,
djollandsou@omniture.com,,,,
cgaskoinov@virginia.edu,,,,
alehrmannow@usa.gov,,,,
dbudnkox@goodreads.com,,,,
sflockhartoy@ebay.com,,,,
gcuniffeoz@github.com,,,,
hlownesp0@t.co,,,,
ajurczykp1@t-online.de,,,,
lklampkp2@discovery.com,,,,
ewinhamp@@mozilla.com,,,,
tmoncreiffep4@themeforest.net,,,,
awrackp5@nydailynews.com,,,,
spachep6@1und1.de,,,,
tcuttelarp7@state.tx.us,,,,
gcysonp8@uol.com.br,,,,
lschulterp9@theglobeandmail.com,,,,
jkitchasidepa@aboutads.info,,,,
bsappellpb@w@.org,,,,
eaguirrepc@nsw.gov.au,,,,
sblakeneypd@ustream.tv,,,,
etrynorpe@g.co,,,,
jfugglepf@eepurl.com,,,,
gtomsonpg@purevolume.com,,,,
avennyph@admin.ch,,,,
egewerpi@tripod.com,,,,
tfranzolinipj@spotify.com,,,,
thartridgepk@exblog.jp,,,,
lgeistpl@earthlink.net,,,,
acattellpm@edublogs.org,,,,
hucchinopn@time.com,,,,
fconkaypo@paypal.com,,,,
traulstonpp@ftc.gov,,,,
pmanonpq@nydailynews.com,,,,
hswadlenpr@paginegialle.it,,,,
jlouderps@linkedin.com,,,,
courrypt@parallels.com,,,,
tjarredpu@dedecms.com,,,,
avaughanhughespv@google.cn,,,,
lrontreepw@goo.ne.jp,,,,
mmcfaulpx@toplist.cz,,,,
cbiglinpy@vkontakte.ru,,,,
sbaynampz@unblog.fr,,,,
wthorq0@huffingtonpost.com,,,,
dleemanq1@squarespace.com,,,,
mkuhnertq2@nytimes.com,,,,
wbigleyq@@plala.or.jp,,,,
dfilanq4@hexun.com,,,,
equyeq5@theatlantic.com,,,,
jdegreyq6@youtu.be,,,,
sstiellq7@imageshack.us,,,,
fdumphreyq8@tmall.com,,,,
mleverq9@xing.com,,,,
czuteqa@ifeng.com,,,,
eolorenshawqb@netvibes.com,,,,
nklimentyonokqc@theglobeandmail.com,,,,
cmacsporranqd@google.ru,,,,
bjennoqe@taobao.com,,,,
iberreyqf@psu.edu,,,,
mchawnerqg@nsw.gov.au,,,,
amcilhattonqh@techcrunch.com,,,,
blanfranchiqi@sciencedirect.com,,,,
bmollittqj@flavors.me,,,,
habellsqk@timesonline.co.uk,,,,
lpapworthql@cbc.ca,,,,
rdangerfieldqm@earthlink.net,,,,
agrottyqn@instagram.com,,,,
ejehaesqo@dedecms.com,,,,
akeanqp@freewebs.com,,,,
twoofqq@symantec.com,,,,
bcradocqr@newsvine.com,,,,
barondelqs@e-recht24.de,,,,
kstureqt@squarespace.com,,,,
dswatridgequ@bbc.co.uk,,,,
speresqv@cocolog-nifty.com,,,,
agrigorqw@jiathis.com,,,,
mdoucetteqx@canalblog.com,,,,
tgoslandqy@upenn.edu,,,,
mtremolletqz@dailymail.co.uk,,,,
qdeamerr0@bravesites.com,,,,
cbirtsr1@senate.gov,,,,
klysaghtr2@marriott.com,,,,
tbrokenshawr@@angelfire.com,,,,
klovartr4@nasa.gov,,,,
wrasellesr5@jiathis.com,,,,
mhurrellr6@1und1.de,,,,
ymanserr7@whitehouse.gov,,,,
irohlfsr8@woothemes.com,,,,
hgiler9@acquirethisname.com,,,,
jlindstedtra@washingtonpost.com,,,,
jgabbitisrb@yale.edu,,,,
arimesrc@twitpic.com,,,,
jcrookshankrd@w@.org,,,,
dsimmigre@army.mil,,,,
jamissrf@lycos.com,,,,
astancerrg@shop-pro.jp,,,,
apickerillrh@earthlink.net,,,,
lcoggenri@unicef.org,,,,
nbraithwaiterj@intel.com,,,,
cyitzhakofrk@joomla.org,,,,
nlongrl@slideshare.net,,,,
dmcilvennarm@un.org,,,,
rfolanrn@surveymonkey.com,,,,
jhadwinro@macromedia.com,,,,
tesslemontrp@ning.com,,,,
tsandwichrq@businessinsider.com,,,,
sbywatersrr@mlb.com,,,,
